gaskham2,Black Field,morbi porttitor lorem id ligula suspendisse ornare consequat lectus in est risus auctor sed tristique in,['Drama'],2006-09-15 17:39:27.000+0000,2706
gaskham2,Hostile Witness,massa volutpat convallis morbi odio odio elementum eu interdum eu tincidunt in leo maecenas pulvinar lobortis est,['(no genres listed)'],2022-02-25 00:19:51.000+0000,530
gaskham2,"Moment of Innocence, A (Nun va Goldoon)",ante vel ipsum praesent blandit lacinia erat vestibulum sed magna at nunc commodo placerat praesent blandit nam,['Drama|Mystery|Thriller'],2023-08-12 21:18:44.000+0000,1455
gaskham2,Mutant Action (Acción Mutante),porttitor id consequat in consequat ut nulla sed accumsan felis ut at,"['Drama', 'Mystery|Romance|Sci-Fi', 'Drama|Romance', 'Crime|Drama|Thriller', 'Drama|Romance|War', 'Comedy|Sci-Fi', 'Comedy|Crime', 'Adventure', 'Documentary|Musical', 'Action|Crime|Musical|Romance']",2003-10-20 12:04:22.000+0000,2954
gaskham2,Rails & Ties,at dolor quis odio consequat varius integer ac leo pellentesque ultrices mattis odio donec vitae nisi nam ultrices libero non mattis pulvinar nulla pede ullamcorper augue a suscipit nulla,"['(no genres listed)', 'Comedy', 'Documentary']",2018-12-03 17:37:54.000+0000,2224
gaskham2,Shaolin Temple 3: Martial Arts of Shaolin (Nan bei Shao Lin) (Martial Arts of Shaolin),nunc rhoncus dui vel sem sed sagittis nam congue risus semper porta volutpat quam pede lobortis ligula sit amet eleifend pede libero quis,"['Drama|Thriller', '(no genres listed)', 'Action|Sci-Fi|Thriller', 'Drama', 'Action|Animation|Comedy|Horror', 'Drama', 'Horror', 'Comedy|Romance', 'Comedy']",2019-01-14 09:25:40.000+0000,344
gaskham2,Superheroes,pede lobortis ligula sit amet eleifend pede libero quis orci nullam molestie nibh in lectus pellentesque at nulla suspendisse potenti cras in purus eu magna vulputate luctus,['Comedy|Drama|Musical'],2009-10-19 13:38:50.000+0000,565
dcordrey1,Fletch Lives,donec vitae nisi nam ultrices libero non mattis pulvinar nulla pede ullamcorper augue a suscipit nulla elit ac,"['Comedy|Drama', 'Drama', 'Action|Crime', 'Comedy|Drama|Romance', 'Children|Comedy', 'Drama', 'Horror|Thriller', 'Action|Thriller|War', 'Action|Drama|War', 'Comedy|Horror']",2006-01-22 05:52:38.000+0000,2336
dcordrey1,"Ghost and Mrs. Muir, The",neque vestibulum eget vulputate ut ultrices vel augue vestibulum ante ipsum primis in faucibus orci luctus et ultrices posuere cubilia curae donec pharetra magna vestibulum aliquet ultrices,"['Action|Drama|War', 'Comedy|Drama|Romance', 'Documentary']",2017-06-12 17:25:35.000+0000,1555
dcordrey1,Girl in Progress,morbi a ipsum integer a nibh in quis justo maecenas rhoncus aliquam lacus morbi quis tortor id nulla ultrices aliquet maecenas leo odio condimentum id luctus nec molestie sed,"['Animation|Fantasy', 'Musical']",2015-06-18 13:38:52.000+0000,1941
dcordrey1,Vampire Apocalypse,convallis duis consequat dui nec nisi volutpat eleifend donec ut dolor morbi vel lectus in quam fringilla,['Adventure|Comedy|Drama'],2020-08-12 18:41:20.000+0000,582
schiese0,Around the World,ultrices enim lorem ipsum dolor sit amet consectetuer adipiscing elit proin interdum mauris non ligula pellentesque ultrices phasellus id sapien in sapien,"['Crime|Thriller', 'Drama', 'Crime|Horror|Mystery', 'Drama|Thriller']",2007-06-06 03:33:01.000+0000,297
schiese0,"Education of Charlie Banks, The",porttitor lacus at turpis donec posuere metus vitae ipsum aliquam non mauris morbi non lectus aliquam sit,"['Comedy|Romance', 'Drama', 'Children|Comedy|Drama', 'Drama|Mystery|War', 'Documentary|Sci-Fi', 'Drama|Romance', 'Documentary']",2017-11-20 06:29:01.000+0000,3244
schiese0,Flashback,tellus nisi eu orci mauris lacinia sapien quis libero nullam sit amet turpis elementum ligula,"['Adventure|Animation|Comedy', 'Comedy']",2003-03-23 20:21:52.000+0000,1177
schiese0,Forever Strong,id justo sit amet sapien dignissim vestibulum vestibulum ante ipsum primis in faucibus orci luctus et ultrices posuere cubilia curae nulla dapibus dolor,"['Drama|Western', 'Action|Adventure|Crime|Drama|Thriller|War']",2006-03-25 12:40:09.000+0000,2030
schiese0,Frenchmen (Le coeur des hommes),magna ac consequat metus sapien ut nunc vestibulum ante ipsum primis in faucibus,"['Drama|Romance', 'Comedy|Western', 'Action|Thriller', 'Adventure|Drama', 'Comedy', 'Comedy']",2012-06-25 09:05:03.000+0000,2535
schiese0,"Holy Girl, The (Niña santa, La)",ut dolor morbi vel lectus in quam fringilla rhoncus mauris enim leo rhoncus sed vestibulum sit amet cursus id turpis integer aliquet massa id lobortis convallis tortor,"['Comedy|Drama|Romance', 'Comedy', 'Comedy', 'Comedy|Drama', 'Drama|Romance', 'Drama|Musical|Romance', 'Drama', 'Horror|Thriller']",2001-09-19 00:44:50.000+0000,1370
schiese0,Skin,vestibulum sed magna at nunc commodo placerat praesent blandit nam nulla integer pede justo lacinia eget tincidunt,"['Action|Horror', 'Drama', 'Action|Crime|Thriller', 'Drama|Thriller', 'Drama|War', 'Horror', 'Comedy|Sci-Fi', 'Adventure|Comedy', 'Drama', 'Crime|Drama|Thriller']",2019-05-20 21:20:46.000+0000,1257
schiese0,Swamp Shark,vestibulum eget vulputate ut ultrices vel augue vestibulum ante ipsum primis in faucibus orci luctus et ultrices posuere cubilia,"['Adventure|Drama|Romance', 'Action|Adventure|Drama|Romance|Thriller', 'Comedy|Romance', 'Comedy|Musical', 'Comedy|Musical', 'Action|Comedy', 'Drama', 'Drama|Mystery|Romance|Thriller', 'Crime|Horror|Mystery|Thriller']",2001-02-05 05:32:40.000+0000,2721
schiese0,Welcome to Dongmakgol,vehicula condimentum curabitur in libero ut massa volutpat convallis morbi odio odio elementum eu interdum eu tincidunt in leo maecenas pulvinar lobortis est phasellus sit amet,"['Drama|Romance|Thriller', 'Drama', 'Horror|Sci-Fi', 'Comedy|Documentary', 'Adventure|Comedy|Fantasy']",2002-08-17 11:09:40.000+0000,912
